{"cameraMode":{"drawMode":0,"name":"Shaded","section":"Shading Mode"},"sceneLighting":true,"audioPlay":false,"sceneViewState":{"showFog":false,"showMaterialUpdate":false,"showSkybox":false,"showFlares":true,"showImageEffects":true,"showParticleSystems":true},"in2DMode":false,"pivot":{"x":6.0,"y":0.2064352035522461,"z":0.000003337860107421875},"rotation":{"x":0.23900021612644196,"y":0.3094417154788971,"z":-0.08066363632678986,"w":0.916851818561554},"size":12.12435531616211,"orthographic":false}