{"cameraMode":{"drawMode":0,"name":"Shaded","section":"Shading Mode"},"sceneLighting":false,"audioPlay":false,"sceneViewState":{"showFog":false,"showMaterialUpdate":false,"showSkybox":false,"showFlares":true,"showImageEffects":true,"showParticleSystems":true},"in2DMode":false,"pivot":{"x":2.500000238418579,"y":-4.053853511810303,"z":2.3840448193368503e-7},"rotation":{"x":0.025942908599972726,"y":0.9702228307723999,"z":-0.2083176076412201,"w":0.12082775682210922},"size":4.762756824493408,"orthographic":false}