{"cameraMode":{"drawMode":0,"name":"Shaded","section":"Shading Mode"},"sceneLighting":false,"audioPlay":false,"sceneViewState":{"showFog":false,"showMaterialUpdate":false,"showSkybox":false,"showFlares":true,"showImageEffects":true,"showParticleSystems":true},"in2DMode":false,"pivot":{"x":12.590776443481446,"y":-3.8569090366363527,"z":0.0},"rotation":{"x":0.006575921084731817,"y":0.9028076529502869,"z":-0.4297868013381958,"w":0.013815153390169144},"size":7.69899845123291,"orthographic":false}