{"cameraMode":{"drawMode":0,"name":"Shaded","section":"Shading Mode"},"sceneLighting":true,"audioPlay":false,"sceneViewState":{"showFog":false,"showMaterialUpdate":false,"showSkybox":false,"showFlares":true,"showImageEffects":true,"showParticleSystems":true},"in2DMode":false,"pivot":{"x":-90.7509994506836,"y":3.5789999961853029,"z":-76.71199798583985},"rotation":{"x":0.4008822441101074,"y":0.0104444595053792,"z":-0.004562564194202423,"w":0.9160767793655396},"size":16.252349853515626,"orthographic":false}