{"cameraMode":{"drawMode":0,"name":"Shaded","section":"Shading Mode"},"sceneLighting":true,"audioPlay":false,"sceneViewState":{"showFog":false,"showMaterialUpdate":false,"showSkybox":false,"showFlares":true,"showImageEffects":true,"showParticleSystems":true},"in2DMode":false,"pivot":{"x":6.0,"y":0.2064352035522461,"z":0.000003337860107421875},"rotation":{"x":0.24222113192081452,"y":-0.5420383214950562,"z":0.16678182780742646,"w":0.7872171401977539},"size":12.419760704040528,"orthographic":false}