{"cameraMode":{"drawMode":0,"name":"Shaded","section":"Shading Mode"},"sceneLighting":false,"audioPlay":false,"sceneViewState":{"showFog":false,"showMaterialUpdate":false,"showSkybox":false,"showFlares":true,"showImageEffects":true,"showParticleSystems":true},"in2DMode":false,"pivot":{"x":0.6138545274734497,"y":4.069219589233398,"z":-81.7440185546875},"rotation":{"x":0.29094019532203677,"y":0.41065123677253725,"z":-0.1401115506887436,"w":0.8527060151100159},"size":1.8771166801452637,"orthographic":false}