{"cameraMode":{"drawMode":0,"name":"Shaded","section":"Shading Mode"},"sceneLighting":true,"audioPlay":false,"sceneViewState":{"showFog":false,"showMaterialUpdate":false,"showSkybox":true,"showFlares":true,"showImageEffects":true,"showParticleSystems":true},"in2DMode":false,"pivot":{"x":0.46000000834465029,"y":2.75,"z":-82.08999633789063},"rotation":{"x":-0.4265555143356323,"y":0.04663322493433952,"z":-0.02202860452234745,"w":-0.9029896855354309},"size":7.9435906410217289,"orthographic":false}