{"cameraMode":{"drawMode":0,"name":"Shaded","section":"Shading Mode"},"sceneLighting":false,"audioPlay":false,"sceneViewState":{"showFog":false,"showMaterialUpdate":false,"showSkybox":false,"showFlares":true,"showImageEffects":true,"showParticleSystems":true},"in2DMode":false,"pivot":{"x":-1.1790986061096192,"y":3.515000104904175,"z":-78.30194091796875},"rotation":{"x":0.32283544540405276,"y":0.451477587223053,"z":-0.17944471538066865,"w":0.8122615814208984},"size":1.0813044309616089,"orthographic":false}