{"cameraMode":{"drawMode":0,"name":"Shaded","section":"Shading Mode"},"sceneLighting":false,"audioPlay":false,"sceneViewState":{"showFog":false,"showMaterialUpdate":false,"showSkybox":false,"showFlares":true,"showImageEffects":true,"showParticleSystems":true},"in2DMode":false,"pivot":{"x":0.0043504610657691959,"y":1.657961368560791,"z":1.2938649654388428},"rotation":{"x":-0.2973412573337555,"y":0.5614604353904724,"z":-0.22608430683612824,"w":-0.7384116649627686},"size":0.5469500422477722,"orthographic":false}